Day,Month,Date,1983,1984,1985,1986,1987,1988,1989,1990,1991,1992,1993,1994,1995,1996,1997,1998,1999,2000,2001,2002,2003,2004,2005,2006,2007,2008,2009,2010,2011
1,Jan,1,0,16,39,0,0,0,0,4,0,0,0,0,0,0,0,0,0,0,0,0,0,0,0,0,0,0,0,0,0
2,Jan,2,0,0,18,0,0,0,0,0,0,0,0,0,0,0,0,0,0,0,0,0,0,0,3,0,0,0,0,0,0
3,Jan,3,0,25,0,0,0,0,0,0,0,0,0,0,0,0,0,0,0,0,0,0,0,0,0,0,0,0,0,0,0.6
4,Jan,4,0,0,0,0,0,0,0,0,0,0,0,0,0,0,0,0,0,0,0,0,0,0,0,0,0,0,0,0,0
5,Jan,5,0,0,0,0,0,0,0,0,0,0,0,0,0,0,0,0,0,0,0,2.2,0,0,0,0,0,0,0,0,0
6,Jan,6,0,0,0,0,0,0,0,0,0,0,0,0,0,0,0,0,0,0,0,1,0,0,0,0,0,0,0,0,0
7,Jan,7,0,0,0,0,0,0,0,0,0,0,0,0,0,0,0,0,0,0,0,0,0,0,0,0,0,0,0,0,0
8,Jan,8,0,0,0,0,0,0,0,0,0,0,0,0,0,0,0,0,0,0,0,0,0,0,0,3,0,0,0,0,0
9,Jan,9,0,0,4,0,0,0,0,0,0,0,0,0,0,0,0,0,0,0,0,0,0,0,0,0,0,0,0,0,0
10,Jan,10,0,0,0,0,0,0,0,0,0,0,0,0,0,0,0,0,0,0,0,0,10.6,0,0,0,0,0,0,38.6,0
11,Jan,11,0,0,0,0,0,0,0,0,0,0,0,0,0,0,0,0,0,1.2,0,0,3,0,0,0,0,0,0,0,0
12,Jan,12,0,0,0,0,0,0,0,0,0,0,0,0,0,0,0,0,0,2.2,0,0,0,0,0,0,0,0,0,0,0
13,Jan,13,0,0,0,0,0,0,0,0,0,0,0,0,0,0,0,0,0,0,0,0,0,0,0,0,0,0,0,1,0
14,Jan,14,0,0,0,21.6,0,0,0,0,0,0,0,0,0,0,0,0,0,0,0,0,0,0,0,0,0,0,0,0,0
15,Jan,15,0,6,0,0,0,0,0,0,0,0,0,0,13,1,0,0,0,0,0,0,0,0,0,0,0,0,0,0,0
16,Jan,16,0,5.4,0,0,0,0,0,0,0,0,0,26,0,0,0,0,0,0,0,0,0,0,0,0,0,0,0,0,0
17,Jan,17,0,0,0,0,0,0,0,0,0,0,0,8,0,0,0,0,0,0,0,0,0,0,0,0,0,0,0,0,0
18,Jan,18,0,0,0,0,0,0,0,0,0,0,0,2,0,2,0,0,0,0,0,0,0,0,0,0,0,0,0,0,0
19,Jan,19,0,5,0,0,0,0,0,0,0,0,0,0,0,0,0,0,0,0,0,0,0,0,0,0,0,0,0,0,0
20,Jan,20,0,0,0,0,0,0,0,0,0,0,0,0,0,0,0,0,0,0,0,0,0,0,0,0,0,0,0,0,0
21,Jan,21,0,0,0,0,0,0,0,0,0,0,0,0,0,0,0,0,0,0,0,0,0,0,0,0,0,0,0,0,0
22,Jan,22,0,0,0,0,0,0,0,0,0,0,0,0,0,0,0,0,0,0,0,0,0,0,0,0,0,0,0,0,0
23,Jan,23,0,0,0,0,0,0,0,0,0,0,0,0,0,0,0,0,0,0,0,1.8,0,0,13,0,0,0,0,0,0
24,Jan,24,0,0,0,0,0,0,0,0,0,0,0,0,0,0,0,58.6,0,0,0,21,0,0,0,0,0,0,0,0,0
25,Jan,25,0,0,0,0,0,0,0,0,0,0,0,0,0,0,0,0,0,0,0,0,0,0,17,0,0,0,0,0,0
26,Jan,26,0,0,0,0,0,0,0,0,0,0,0,0,0,0,0,0,0,0,0,0,0,0,0,0,0,0,0,0,0
27,Jan,27,0,0,0,0,0,0,0,0,0,0,0,0,0,0,0,0,0,0,0,0,0,0,0,0,2,0,0,0,0
28,Jan,28,0,0,0,0,0,0,0,0,0,0,0,0,0,0,0,0,0,0,0,0,0,0,0,0,0.4,0,0,0,0
29,Jan,29,0,0,0,0,0,0,0,0,0,0,0,0,0,0,0,0,0,0,0,0,0,0,0,0,0,0,0,0,0
30,Jan,30,0,6,0,0,0,0,0,0,0,0,0,0,0,0,0,0,0,0,0,0,0,0,2.4,0,0,0,0,0,0
31,Jan,31,0,0,0,0,0,0,0,0,0,0,0,0,0,0,0,0,0,0,0,0,0,0,2.4,0,0,0,0,0,0
32,Feb,1,0,0,0,0,0,0,0,0,0,0,0,0,0,0,0,0,0,0,26,0,0,0,0,0,0,0,0,0,0
33,Feb,2,0,0,0,0,0,0,0,0,0,0,0,0,0,0,0,0,0,0,7.6,0,0,0,0,0,0,0,0,0,0
34,Feb,3,0,0,0,0,0,0,0,0,0,0,0,0,0,0,0,0,0,0,0,0,0,0,0,0,0,0,0,0,0
35,Feb,4,0,0,0,0,0,0,0,0,0,0,0,0,0,0,0,0,0,31.4,28,0,12.6,0,18,0,0,0,0,0,0
36,Feb,5,0,0,0,0,0,0,0,0,0,0,0,0,0,0,0,0,25,0,37,29,0,0,0,0,0,0,0,0,0
37,Feb,6,0,0,0,0,0,0,0,0,0,0,0,0,0,0,0,0,0,0,0,1,0,0,0,0,0,0,0,0,0
38,Feb,7,0,0,0,0,0,0,0,0,0,0,0,0,0,0,0,0,0,0,0,0,0.6,0,0,0,0,0,0,0,0
39,Feb,8,0,0,0,0,0,0,0,0,0,0,0,0,0,0,0,0,0,0,0,0,0,0,0,0,0,0,0,0,0
40,Feb,9,0,6.2,0,0,0,0,0,0,0,3,0,0,0,0,0,0,0,0,0,0,0,0,0,0,0,0,0,0,0
41,Feb,10,0,5.6,0,0,0,0,0,0,0,0,0,0,0,0,0,0,0,0,0,0,0,0,0,0,0,0,0,0,0
42,Feb,11,0,0,0,1.1,0,0,0,0,0,0,0,0,0,0,0,0,0,0,0,0,0,0,0,0,0,0,0,0,0
43,Feb,12,0,30,0,1.1,0,0,0,0,0,0,0,19.6,0,0,0,0,0,0,0,0,0,0,0,0,0,0,0,0,0
44,Feb,13,0,6,0,7,0,0,0,0,0,0,0,51,0,0,0,0,0,0,0,0,29.4,0,0,0,0,0,0,0,0
45,Feb,14,0,0,0,0,0,2,0,0,0,0,0,0,0,1.4,0,0,0,0,0,0,0.8,0,0,0,0,0,0,0,0
46,Feb,15,0,0,0,0,0,2,0,0,0,0,0,0,0,0,0,0,0,0,0,0,0,0,0,0,0,0,0,0,0
47,Feb,16,0,0,0,0,0,15,0,0,0,0,3,0,0,0,0,0,0,0,0,0,0,0,0,0,0,0,0,0,0
48,Feb,17,0,0,8.6,0,0,6,0,0,0,0,0,0,0,0,0,0,0,0,0,0,0,0,0,0,0,0,0,0,0
49,Feb,18,0,13.6,0,0,0,0,0,0,0,0,0,0,0,0,0,0,0,0,0,0,0,0,0,0,0,0,0,0,0
50,Feb,19,0,23,0,0,0,0,0,0,0,0,0,0,0,0,0,0,0,0,0,0,0,0,0,0,0,0,0,0,0
51,Feb,20,0,1,0,0,0,0,0,0,0,0,0,0,0,0,0,0,0,0,0,0,0,0,0,0,0,0,0,0,0
52,Feb,21,0,0,0,0,0,0,0,0,0,0,0,0,0,0,0,0,0,0,0,0,3.2,0,0,0,0,0,0,0,0
53,Feb,22,0,0,0,0,0,1.2,0,0,0,0,0,0,0,0,0,0,0,0,0,0,0,0,0,0,0,0,0,0,90
54,Feb,23,0,0,0,0,0,0,0,0,0,0,0,0,1,0,0,0,0,0,0,0,0,0,0,0,0,0,0,1.2,7
55,Feb,24,0,0,0,0,0,1,0,0,0,0,12,0,0,0,0,0,0,0,0,0,3,0,0,0,0,0,0,2.4,0
56,Feb,25,0,0,0,0,0,0,0,0,0,0,0,0,0,0,0,0,0,0,0,0,27,0,0,0,0,0,0,0,0
57,Feb,26,0,0,0,0,0,0,0,0,0,0,0,0,0,0,0,0,0,0,14.4,0,2,0,0,0,0,0,0,0,11
58,Feb,27,0,0,0,0,0,11,0,0,0,0,0,0,0,0,0,0,0,7,11.8,0,0,0,0,0,0,0,0,0,0
59,Feb,28,0,0,0,0,0,15.2,0,0,0,0,0,0,0,0,0,0,0,0,0,0,0,0,0,0,0,0,0,0,0
60,Feb,29,0,0,,,,2.4,,,,0,,,,0,,,,0,,,0,0,,,,0,,,
61,Mar,1,0,0,0,0,0,25,0,0,16,0,0,0,0,0,0,0,0,0,0,0,6.4,0,0,0,0,0,0,0,0
62,Mar,2,0,0,0,0,0,0,0,0,0,0,0,0,0,0,0,0,0,0,0,0,0,0,0,15,0,0,0,0,0
63,Mar,3,0,0,0,0,0,0,0,0,7.4,0,0,0,0,0,0,0,0,0,0,0,0,0,0,6,0,0,0,0,0
64,Mar,4,0,0,0,0,0,22.6,0,0,0,0,14,0,0,0,0,0,0,0,0,0,0,0,0,34,0,0,0,0,0
65,Mar,5,0,14,0,0,0,0,0,0,0,0,0,0,0,0,0,0,0,0,0,0,0,0,0,0,0,0,0,0,0
66,Mar,6,0,87,0,0,0,0,0,0,0,0,0,0,0,0,0,0,0,0,0,0,0,0,6.6,0,0,0,0,0,0
67,Mar,7,0,9,0,0,0,0,0,0,0,0,0,0,0,0,0,0,0,0,0,0,0,0,15,12,0,0,0,0,0
68,Mar,8,0,12,0,0,0,0,0,0,2.4,0,0,0,0,0,0,0,0,0,0,2.6,0,0,3.2,9.6,0,0,0,0,0
69,Mar,9,0,22,0,0,0,0,0,0,0,0,0,0,0,0,0,0,0,0,0,0,0,0,0,0,0,0,0,0,0
70,Mar,10,0,11.6,0,0,0,0,23,0,0,0,0,0,0,0,0,0,0,0,0,0,0,0,0,0,5,0,0,0,0
71,Mar,11,0,7,0,9.6,0,0,0,0,0,0,0,0,0,0,0,0,0,0,0,0,0,0,0,0,0,0,9.2,0,0
72,Mar,12,0,10.6,0,13.6,0,0,0,0,0,0,8.6,0,0,0,0,0,0,0,0,0,5,0,0,0,0,0,29,0,0
73,Mar,13,0,6.6,0,22,0,0,0,0,0,0,0,0,0,0,0,0,0,0,0,0,8.2,0,0,0,0,0,5.4,0,0
74,Mar,14,0,0,0,0,0,1,9,8.4,0,0,0,0,0,0,0,0,0,0,6.2,0,0,0,0,0,0,0,4.4,0,0
75,Mar,15,0,0,0,0,0,0,0,0,3.2,0,0,0,0,0,4,0,0,0,2,15.6,10,0,0,0,0,0,50,2,0
76,Mar,16,0,0,0,1,0,0,0,5,0,0,0,0,0,0,0,0,0,0,0,0,12,0,0,0,0,1,0.6,5.4,0
77,Mar,17,0,0,0,3,53.6,0.2,0,0,0,0,0,0,0,0,0,0,0,0,0,0,23,0,0,0,0,7,14,0,0
78,Mar,18,0,0,0,0,0,0,0,0,0,0,0,0,0,0,0,0,5.6,0,0,0,0,0,0,0,0,0,0,0,0
79,Mar,19,0,0,0,0,0,0,0,0,0,0,2,0,0,2,14,0,1,0,1.4,0,0,0,0,0,0,1,0,0,0
80,Mar,20,0,0,0,9,0,21,0,0,0,0,0,7,0,0,0,0,0,7,5,0,3,0,0,0,0,34,18,0,0
81,Mar,21,0,0,0,0,0,0,3,3,0,0,0,2,0,0,34.6,0,0,0,0,0,0,0,0,0,10.2,13.4,0,0,0
82,Mar,22,0,0,0,0,0,0,0,1.6,0,0,0,2,0,0,8.8,0,0,0,0,0,0,0,0,14.4,0,11,0,0,19
83,Mar,23,0,0,0,10,0,0,0,0,0,0,14.4,0,0,0,0,0,0,0,0,0,0,0,0,1,0,5,10,0,4.2
84,Mar,24,0,2,5.8,0,0,0,0,0,0,0,1.2,0,0,0,0,0,3.4,0,0,0,0,0,0,0,0,0,0,0,1
85,Mar,25,0,0,13,0,0,0,0,0,0,0,0,7.2,0,0,0,0,0,0,0,0,0,0,0,0,0,0,0,0,0
86,Mar,26,0,0,2,0,0,0,0,0,0,0,0,0,0,0,6.6,2,0,0,0,0,0,2,0,0,1,0,0,0,19.4
87,Mar,27,0,0,26.4,0,0,0,0,0,0,0,0,13,0,0.4,0,2,0,0,1,0,0,3,0,0,0,0,7,0,4.2
88,Mar,28,0,0,8.6,0,0,0,0,0,0,0,0,9,0,0,5.4,24,0,0,0,16,0,0,0,0,0,3.2,0,0,68.2
89,Mar,29,0,0,26.2,0,0,0,0,0,0,0,0,0,0,0,0,3,0,0,0,0,0,2.2,0,0,0,3,0,0,0
90,Mar,30,0,0,0,0,0,0,0,0,0,0,0,6.2,0,0,14,13,0,0,0,9.6,0,0,0,3,0,11,0,0,3.8
91,Mar,31,0,14.2,0.8,0,0,0,0,0,0,0,4.6,0,0,0,0,20.8,0,0,0,23.2,7,2,0,0,0,9,0,2.4,0
92,Apr,1,0,0,0,11,0,0,0,4.4,0,0,21,22,26,0,0,1,0,0,0,0,0,0,8,0,0,7,0,0,18
93,Apr,2,0,2.2,0,0,0,2.6,4,6.2,5,0,5.8,12,0,0,0,0,0,2.2,0,0,0,5.4,0,3.4,0,10,0,0,0
94,Apr,3,0,8,8,0,0,0,3,0,0,0,0,0,0,0,0,0,0,5,7.2,0,0,0,0,0,0,15,0,2.4,1
95,Apr,4,0,26.2,35.6,0,0,0,8,0,0,0,0,37.2,0,0,0,0,0,5.4,0,0,0,3,8,5,0,8,0,0,0
96,Apr,5,0,0,10.6,0,0,0,0,0,5,0,5.8,12,0,0,0,0,0,7,16.4,1.2,0,0,10,0,0,10,0,0,0
97,Apr,6,0,16,2.2,0,0,18,0,10.6,44.2,0,0,13,5.6,46,0,0,0,0,0,21,0,20,20,0,0,3,0,22,0
98,Apr,7,1.8,22.6,14,10.2,0,0,0,0,10,10,35,0,14.6,25,0,0,0,0,0,0,0,8,0,12.6,0,0.6,23.2,0,0
99,Apr,8,0,14,0,0,0.6,46,0,0,12,23.6,0,1.2,1,0,0,0,0,0,9,10.6,0,7,6,30,0,0,0,0,0
100,Apr,9,0,0,11,0,2,4,0,0,3,7,5.4,5,14,0,0,15,5.4,0,1,0,22.4,7.6,5,0,0,0,0,0,6
101,Apr,10,0,0,0,0,0,6,0,14.2,0,5,13.6,12.4,0,0,0,20,0,0,7.6,0,0,0,6.6,0,0,0,9,5,0
102,Apr,11,0,0,0,0,0,34,0,0,0,10,1,0,0,0,0,0,6.6,5,40.4,3.6,17.6,1,18.4,0,0,0,0,0,19
103,Apr,12,0,0,10,0,0,5,0,0,13,0,0,20,0,8,0,0,2,0,49.6,0,13,0,0,0,6,0,0,0,3.4
104,Apr,13,4.4,1,0,17,0,7,0,0,5,0,0,0,0,25,0,0,0,10.6,23.6,31,4,1,0,16.2,17.6,0,0,3,2.6
105,Apr,14,0,0,0,0,0,6.4,0,14,40,10,0,6,22.6,0,0,10,2.6,8.4,4.6,19.8,0,0,0,8.6,9.6,0,0,2,17
106,Apr,15,0,7.2,4,5,0,32,0,8.4,34,0,0,6.4,4.4,7.4,0,0,0,19.6,0,0,3.4,5.6,5,0,10,0,0,0,15
107,Apr,16,0,0,12,0,0,3,0,4.4,9.2,0,14.2,25,20,23.2,0,0,0,0,32.8,0,0,0,0,0,0,0,1,0,0
108,Apr,17,0,17,0,7.4,0,39,0,23.2,0,20,28.4,5,10,20.6,27.4,0,0,31.2,3.6,0,5,0,0,0,6.4,0,0,12.4,11.4
109,Apr,18,15.4,0,2,0,0,10.4,10,0,0,5,0,0,12,0,0,0,0,7,7,0,0,0,0,2,0,7,6,0,13.2
110,Apr,19,0,25,0,5,0,0,35,0,0,7,10,0,15,0,3.2,0,0,0,33,0,0,1.8,0,18.8,0,6.4,0,0,4
111,Apr,20,0,0,21,19,0,0,12,0,0,6,0,4,10,0,0,2,0,0,17,0,3,4.2,0,9.4,9,10,4,16,5
112,Apr,21,0,16.4,0,14,0,0,0,3,0,0,13.6,0,7,3,2.6,0,33.6,0,0,15,0,0,0,9,30,0,3,0,33
113,Apr,22,0,0,18.6,8.6,0,0,0,0,0,5,0,0,8,34,0,14,0,0,0,0,7,18,0,0,19,5,7,16,5
114,Apr,23,0,15,0,15.6,10,0,0,5.4,6,4,0,0,3,35,0,4,0,0,23,0,2,15,14.6,0,7,7,0,25,86.2
115,Apr,24,0,20,50,22,0,0,10,0,24.6,1,12,0,38,0,0,0,2.4,0,0,6,0,0,13.4,0,0,0,0,0,0
116,Apr,25,0,4.8,3.6,13,1.4,0,28,0,0,0,15,0,12.4,14.2,0,3,1.4,5,0,0,0,0,6.6,0,0,8,0,0,0
117,Apr,26,4.6,0,0,1.6,4,24,21,0,0,0,0,10,0,0,0,0,0,0,0,15,7,0,17,0,31.4,3,0,41,0
118,Apr,27,5.6,0,3,12,0,24,0,0,0,5,0,10,10,0,0,9.6,0,0,0,15,43.6,0,53.4,0,4,0,5,13,0
119,Apr,28,0,0,0,0,23,20,0,0,0,0,9,4,12.4,3.2,0,1.8,0,3,0,20,0,0,0,0,0,0,36,9.6,0
120,Apr,29,16.4,0,0,0,0,1,0,5,0,0,0,4.4,3,4,0,15,0,0,0,0,28,6.4,0,0,32.8,0,10,0,0
121,Apr,30,0,0,0,6.4,0,3.6,0,21,0,0,8,0,8,0,0,0,0,0,1.6,14,0,14,4,0,0,0,1,40,1.4
122,May,1,0,22.6,0,0,0,0,0,3,0,0,0,0,2.2,19,21.2,7,5.2,0,0,0,0,0,0,0,24.2,0,0,10.6,0
123,May,2,0,0,0,8,6.6,1.4,0,4,0,30,0,0,0,3.6,24.6,16.4,0,0,0,0,0,84,0,14,0,0,0,0,0
124,May,3,0,5,0,0,0,2,4.2,0,7,0,0,0,0,0,1,0,0,4.6,0,9,0,14,0,0,0,0,0,0,28.2
125,May,4,4,0,0,12,0,0,8,0,22,24.4,0,0,0,0,4,0,0,12,0,9,6,39,0,37.8,0,0,30,0,2.2
126,May,5,10.8,11,0,15,0,41.6,22.4,0,14,0,0,1.6,10,0,10,0,16,14.6,4.4,0,0,8.6,0,2.6,0,0,0,0,21.6
127,May,6,1,0,0,10,0,0,0,5,9,13.4,0,45,10,0,5,19.6,20,13.6,5,0,10.6,38.4,0,2,16,0,3,0,0
128,May,7,9,10,0,0,0,5,0,0,1,0,8,0,20,0,3,10,14.2,0.8,0,0,0,20.6,0,27,22,0,5,0,0
129,May,8,0,15.2,0,0,0,0,0,0,6,8.6,16.6,0,0.6,0,7,5,7.4,0,0,3,0,10,0,7,0,29,0,2,0
130,May,9,7,0,10,0,0,0,25,0,0,8.4,0,4,5,0,5,7,0,0.4,0,0,3.6,0,15.4,1.2,0,6.4,0,3,0
131,May,10,17.4,12,13,0,0,0,50,0,0,33.6,0,0,2,0,2,4,11,0,0,0,7.6,0.4,0,4,0,0,0,16,0
132,May,11,0,0,12,0,0,6.2,18,1,16,0,60.4,3,3,0,5,4,0,0,0,0,0,0,0,2,0,2.2,0,15,0
133,May,12,0,9.4,0,15,3.6,22.4,0,0,0,8.4,34.6,2.6,5,0,0.6,10,1,0,0,0,0,0,0,0,0,12.4,0,10,0
134,May,13,0,41.2,0,14,30,0,0,0,20.6,10,7.6,0,0,0,8,0,0,0,0,0,1,0,38.6,27.6,0,0,0,0,20
135,May,14,0,0,0,0,0,0,0,0,3.6,8,8,0,48,0,0,40,23,0,0,0,0,0,0,8,0,0,0,0,10
136,May,15,32.4,3.8,0,0,0,0,0,0,0,12,2,0,14.6,0,18.6,12,0,0,0,0,0,29,0,0,0,0,0,13,0
137,May,16,0,0,10,0,18,0,10,0,0,10,3,0,5,0,40,42,4,0,0,0,0,9,0,12,0,0,0,0,5
138,May,17,0,3,4,0,11,0,1.6,3.4,20.4,4,5,34.6,7,0,0,0,15,3.4,0,0,0,1,0,0,0,0,28,10,2
139,May,18,0,0,0,0,0,0,0,0,0,20,8,0,3,10,0,0,0,0,0,38.4,0,43,0,49,0,8.2,43.6,0,7
140,May,19,9.4,29,8,0,0,0,0,7,0,5,0,0,5,0,0,0,15,0,0,0,0,14.8,0,0,0,0,4.2,7,0
141,May,20,0,0,0,0,0,0,0,6,32,4,0,6.4,3,15,0,0,1,0,0,7,0,2.2,0,11,0,0,0,10,0
142,May,21,8.1,4.6,10,0,0,0,0,7.4,0,3,0,0,2,0,0,0,5,0,0,0,0,1.6,0,0,0,0,1.2,0,0
143,May,22,0,0,0,0,24.8,0,0,11.4,12.6,0,0,6.4,3,15,0,0,10,0,11,0,0,0,0,0,0,0,4,0,0
144,May,23,24,0,0,0,0,0,0,1.4,14,0,0,0,1,0,0,0,4,0,45,0,0,0,0,1.4,25.4,3.6,3.4,0,13
145,May,24,0,0,5,0,5.4,0,0,12.2,0,0,6.4,0,0,16,10,0,10,0,9,18,0,2,10,0,0,0,0,0,3.2
146,May,25,0,0,0,0,5.6,0,0,16,14,9,0,0,2,0,0,14,26.4,0,8.6,0,0,11,0,12,21.2,0,0,0,0
147,May,26,5.4,0,0,0,20,0,0,14.6,12.4,0,0,0,22,9,16.2,12,15,2.4,0.6,0,0,45,0,14.4,0,29,0,0,0
148,May,27,15.2,0,0,0,33,5,0,9,0,0,0,6.4,9.4,0,0,0,1,0,5,16,0,0,0,102,0,0,0,0,5
149,May,28,0,0,0,0,0,0,0,7.2,3,0,0,9,5,0,0,0,0,0,1,11.2,0,5,29.6,69.4,0,10,0,0,25.4
150,May,29,0,0,0,0,2.2,0,0,8,19.6,0,0,0,17.6,0,0,0,0,0,0,2,0,69,8,55,0,6,0,0,0
151,May,30,0,0,0,5,30,5,0,16,1,0,0,1,0,0,0,0,10,0,0,0,0,0,0,32,7.6,0,5.2,5,0
152,May,31,0,5.6,5,5.2,13.2,3,0,13,0,10,0,18,0,18,0,0,0,0,0,10.6,0,0,0,63,2.4,0,0.2,0,0
153,Jun,1,0,6.6,0,0,0,10,9.2,1.2,10,4,0,25,3.4,0,0,15.2,0,39.4,10,24,4.4,0,0,6.6,0,0,0,0,52.6
154,Jun,2,0,45,0,0,4,12,0,5,16,0,0,23,14.4,0,0,0,0,14.6,3,13,0,0,0,7.6,0,0,0,54.2,62
155,Jun,3,0,27.6,0,0,20,5.6,12,5.2,19.4,0,0,50,0,52.2,0,0,0,8,0,1.2,0,0,0,30.4,0,0,0,0,49.4
156,Jun,4,0,0,11,0,28.8,8,0,1,10,0,0,40,0,0,13,0,0,15.4,0,0,0,0,7,3.4,0,0,0,2.4,25
157,Jun,5,0,6,7.6,0,3.2,17,23.2,2,13.4,0,12,54,0,0,2,0,0,29,3,0,0,4.4,15,9.8,52,3,70,8,15
158,Jun,6,0,0.8,9,0,2.2,35,30,3,56,0,1.2,13,0,1,0,3,11.6,121.6,14.2,0,0,0,20,0,0,1,65,0,7
159,Jun,7,0,0,6,0,8,33,17,4,40,0,45,10.4,0,0,5,0,0,87.4,4.4,0,0,12.2,5,0,33,14,29.6,0,5
160,Jun,8,0,0,0,0,12,29.4,13,1,50,0,4,14,0,0,0,4,0,20.2,9,4,0,30.4,0,0,0,18,2.2,6.6,9.8
161,Jun,9,0,0,0,0,25,25,5.6,2,45,0,4.4,26,0,0,0,1.4,1,30,14,3,0,41.6,11,0,0,20,0,8.6,8
162,Jun,10,20.8,10.4,13.6,0,9.8,14.4,25,1,36,0,14.2,25,49.4,0,0,9,8,11.2,17,0,0,18.4,3,0,0,25,6,1.2,3
163,Jun,11,0,25,20,0,23.4,0,12,7.2,16,0,25,20,11.4,0,6,7,41,5,40,0,0,25,0,0,0,20,0,20,2
164,Jun,12,30.6,27,30,12,3,0,20.8,25,7,0,25,18,13,10.6,0,5,37,12.4,54,0,0,43.4,0,0,0,25,0,48.6,4
165,Jun,13,65.6,28,9.2,17,9.2,6.2,32,25,4.4,9,25,22,10,40,1.4,1.2,26,2,36.4,36.6,16,82.4,0,0,0,2,0,47.8,28
166,Jun,14,14.8,30.8,0,13,14.4,0,11.8,5,4,21.6,23,30,15,61.4,0,0,13,2.4,31.6,12.6,8,54,12,0,0,2.6,0,30,17
167,Jun,15,39.3,92.6,6,16,6.4,0,13.2,27.2,2.4,30,8,20,20,24.4,3,0.6,10,0,25,17.2,30.2,20.6,0,21.6,0,3.6,0,4,3.2
168,Jun,16,0.8,104,10,9.6,18,0,0,8,1,32,12,12,7.4,55,0,4.4,7,6,4,0,12.2,36.4,9,0,26,2,27,16.2,22
169,Jun,17,4,126,20,30.4,7.4,4,24.4,8,18,57.4,13,10,4,54.6,2,28.8,21,1.4,15,0,7,45.2,20.4,0,28.2,10,0,10,86.6
170,Jun,18,7.6,23.2,4.2,25.6,1,2,0,3,6,128.6,31,13,8,35,0,9,40,6,0.4,37,13.2,23,34.6,3.6,18.6,10,1,8.4,64
171,Jun,19,11,20,0,36.4,5,2,7,18,2,93.4,20,12.6,3,45,3,20,36,30,5,15.4,27.6,4,43,3,18.6,27,9.6,0.6,0.4
172,Jun,20,4.2,0,3,39,0,0,16.4,13,2,149.6,0,0,7.6,19.4,0,8.6,39,7,1.6,11,49.4,0,103,0,9.4,20,8,0,0
173,Jun,21,2.6,4.6,10.4,19.6,0,0,25,20,0,112.4,0,0,4,11.6,0,12,6.8,0,0,19,49,0,50,1.6,25,25,1,0,0
174,Jun,22,7,15,23.6,41,1,0,24,6.6,0,17,0,0,1.6,4,0,18,0,5,7,11,32,0,20,28.4,144,22.8,0,3.2,3
175,Jun,23,29,8.4,79,55.2,1,5.4,17.2,0,4,3.4,0,7.6,10,0,12,22.6,0,0,6,48,22.6,0,12,45.8,55,1,0,21.6,1
176,Jun,24,82,2.2,88,52.2,4,6,0,1.2,17.4,2,0,25,0,0,25,14,2,0,1.4,51,0,0,3.4,20,13.4,1,0,12.2,12.4
177,Jun,25,17,13.6,125.2,23,14.4,20,1.4,11,22,20,0,35.6,1.2,0,34,45.2,0,0,6,15,0,0,19,25.4,3.4,1,10,3.4,50
178,Jun,26,48.6,14,82,19,2.4,30,8.2,39.2,22.6,10,0,25.6,0,0,37,67,0,8,1.4,5,0,4.4,19,40,6,7.4,7,13.4,18.4
179,Jun,27,32,39,41.4,33.8,0,10,8,9,11,17,0,30,33,0,26,94,0,13.4,22,0.4,3,12,15.6,35,5,10,0,3.8,30
180,Jun,28,23.4,33,23.4,41,2,3.6,0,20,14,13,2,44,37.4,0,52,114.2,0,0,4.4,1.8,5,25,22,30,49,15,0,7.2,12
181,Jun,29,42.4,63.6,52,15.2,0,1,7,5.2,1.4,30,2,51,21.6,0,109.6,55.2,0,17.8,14,0,0,28,24.4,95.6,47,30,5,0,0
182,Jun,30,20.8,45.6,12,8.4,9.4,0.6,9,11,73,34.4,17,24,42,0,39,70.6,1.2,40,1,0,11,15,78,19.6,79.2,20,15,3.2,0
183,Jul,1,2,81.2,16.6,0,12,19.6,0,30,27,3,48,14.2,8,0,29,40,0,11,0,3,3.4,10,37,20,85.2,17,30,6.4,7.4
184,Jul,2,5.6,22.2,5.8,0,14,0,4,33.4,0,3,37.6,4,9.2,0,19,54,0,4,37,10,4,8,19,33.8,60,0,31,6.4,0
185,Jul,3,0,8.2,18,0,14.6,0,4,10,0,1.6,25,6.4,0,0,20,65.4,0,9,12.4,7,23.4,6,10,51.4,50,0,40,18.2,0
186,Jul,4,0,7,2.6,0,10,0,0,3,0,19,22.2,14.4,0,0,8.6,36,7,12,8.8,0,25.6,0,33.6,50,47,0,72,5.4,6
187,Jul,5,0,20.4,11,2,10,0,0,5,4,38,0,1,14.4,0,25,20,28,7,18.6,12.8,24,0,11.4,10,18,0,42,20.8,15
188,Jul,6,0,0,8,2,22,0,0,3,36,46,0,1,25,0,39.2,25,5.2,14.6,22.6,0,7,0,70,6.6,83,5.4,36,4.8,9
189,Jul,7,0,6,7,0,42.4,6,0,16,63.6,0,0,0,5,10,20,7,3.4,21.2,133,1.8,2.6,0,6.2,11.6,17.4,7,26.6,6.8,6
190,Jul,8,0,0,22.6,6,25,8,0,5,48,7,20.8,0,1,5,10,7.6,0,11,55.8,0,3,14,4,2.2,26,2.2,30,1,4.2
191,Jul,9,6,0,2.4,0,3.8,8,0,25,34.4,4.4,25,25,21.4,5,93,29.6,10,0,37,0,2.6,22.8,6,0,22,5.2,64,2.4,1.8
192,Jul,10,3.6,0,2.2,0,3,0,0,30.2,25,0,50,41,70.6,0,97.4,14,4,22.4,25,0,18.2,10,9.6,9,20.6,0,26,3,4.2
193,Jul,11,11,0,6,3.6,2.8,8,31,16.6,100,0,39,126,53.4,9,20,14,2,100,13.4,35,10.2,11,5,9.6,6,3.2,18,0,27
194,Jul,12,25,15.6,5,49,1.6,8,0,8.4,14,2,10,44,11,17,14.6,18.6,3,7.6,8,22.4,0,12.6,5,9.2,44,2,12,2,6.4
195,Jul,13,37,34.6,0,21,5,13.4,0,10.4,8,22,24,98,22.2,15.2,2.8,3,0,7.2,5,3,14.4,3,44.6,25,20,0,38,5,5
196,Jul,14,40,38,0,26.4,16.4,11.2,17.2,7.6,4.2,15,37,40,2,18,4,46,5,14.6,4,3,34,8.6,19,16.6,52,0,70,11,58
197,Jul,15,9.6,47.8,0,22.6,3.4,17,0,10,13,15,50,19.6,3,20,8.2,0,45,2,3,8,17.6,6.8,41.6,8,75,12,182,5,117.2
198,Jul,16,18.4,34,12,8,0,133.4,13.2,14.4,29,36,34.6,9.2,70,38,4,0,41,4,2,3,54.2,6.2,3.4,8.4,131,7,113,20,63.2
199,Jul,17,13.2,93.8,3,2,3,146.6,25,21.6,16,22,3,11,9,50,1,6,101,8.6,5,10,1.8,1,13,33.4,58,3,86,4,60
200,Jul,18,34.2,24.2,20.6,22,3.4,63,18.6,11,12,34.2,7.4,25,36.6,47.6,8,8.6,78,3.2,1,1,9.8,0,0.4,25,4,1.2,50,10,22
201,Jul,19,34.6,14.6,1.8,31.6,2.4,44,5,4.6,5,48,0,41,30,55.6,0,11.4,30,1,8,2,1,3,4.6,13,11,4,25,14,7.6
202,Jul,20,79,4.2,1.4,33.6,0,14,16,5,15.6,24,14,35,16,35.6,0,3,40.6,0,2.2,2.8,0,6,18.4,19,2,0,4,19.4,26.4
203,Jul,21,175,19,5,8.4,0,5.4,32,20,17,9.6,15,39.4,6,33,2.4,3.6,28.6,0,0,6,4,4,3.2,2.2,0,0,17,15.4,23
204,Jul,22,34,17.4,0,8.6,0,35.6,126.4,11.6,10,10,1,40,10,37,0,0,16,0,0,0,26,6,30,1.6,2,21.4,4.4,21,23
205,Jul,23,23.6,0,5.6,3.4,0,25,146.4,5,13.4,25,14,4,40.8,27.4,15,0,12.4,0,2,0,15,7.6,50,0.6,3,2,3,8.6,14
206,Jul,24,11.4,0,8,8.6,0,9.2,42,13.4,10,28,14.2,6,4.2,35,82.4,13,11,0,2,0,12.6,40,78.6,0,13.4,12,0,20.2,18.2
207,Jul,25,2.2,0,18,1,0,0,17,5,41,37,33,6.4,0.6,32.4,25,16.4,32,0,3.6,36,4.6,23,111,0,8.4,18,0,23,14.2
208,Jul,26,0,0,8,0,0,12.6,33.6,5,80,61.8,31.6,15,1,22,17.6,9.4,34,0,0,0,8.4,2,64,13.2,1.6,38.6,0,13.6,10
209,Jul,27,0,0,0,0,0,10,25,4,109.4,91,7,75,7,12,39.2,9.6,23,2,15.8,3,19.4,14,57,14,11,79,8.4,61.4,
210,Jul,28,0,0,0,0,0,3,9,0,49,48.4,11,29.6,0,10.4,9,27,22,9,8.6,3,28.6,12,36,13,11,64,14,50,
211,Jul,29,0,13,10.6,0,0,7,0,0,12.4,8,28,91,0,29.4,19,29.2,14.2,0,1.4,3.4,1,8,50,9.4,2,60.4,14,67.2,
212,Jul,30,0,18,3,0,0,8.6,0,7,16.6,0,21,34,4,8,50,30.4,19.4,13,7,7.8,3,10,75,6,1,53.2,6,18.4,
213,Jul,31,3.4,23,44,0,0,4.4,0,8,41.8,4.8,75,23,4,10.2,63,4.2,6,8,0,2.6,4,6,52.6,5,10,8,10.4,17,
214,Aug,1,14.6,22.6,44.2,8,0,2.4,0,14.4,3,0,32,41.4,2,22,40.4,0,32,0,6.6,4.8,4,3,50,5,11,21,13,5,
215,Aug,2,18.2,11.2,42.8,15.4,0,10.6,0,13.2,1,20,25,41.6,3.4,1,15,0,16.6,0,43,1,1,32,50,7,16.6,2.8,0,4.8,
216,Aug,3,1.6,0,4,1.6,0,82.8,0,10,2.4,18,18.6,18.2,5,3,26,4,10,24.4,10,4,0,95,38,7.2,15.8,2.6,4.2,42.8,
217,Aug,4,0,2.6,0,46.6,0,21,19.6,5,2,6,23,4.8,0,1,0,4,0,7.4,34,25,2,96,29.2,10.4,28,4,2.4,22,
218,Aug,5,7,6,0,34.6,0,16.8,6,5,2,0,0,3.4,0,1,2.6,1,16,18.6,4.6,36,5,28,10.2,4.6,29.6,1,3.6,5,
219,Aug,6,0,8,4,74,0,5,0,2.8,4.4,72.6,0,3,5.2,45.2,63,6,32,4.4,20,7.6,15.2,33,3,4,75,2,2.4,12.2,
220,Aug,7,8.2,16.4,23,48,0,1,4,12.6,5.6,16.2,0,0,8,1.2,41,8,21,21.4,4,15,12.2,9,3,0,28,1,0,6,
221,Aug,8,55.4,3.2,13,45,0,20,0,32.6,4.4,5,0,0,7.2,6,14.6,13,16.4,0,0,9.4,31.8,1.6,7.6,0,26,10.4,0,21,
222,Aug,9,30.6,3.2,12,28,0,1,0,20,3,20,0,0,9,0.8,6.6,14,10.6,26.4,0,24.2,17.4,0,16.6,15,62,38.6,3,0,
223,Aug,10,32.6,0,10,25.6,10,1.2,10,0,3,32,20,0,0.6,6,4,20.8,20,21.8,0,20.6,0,0,9,30,15,83,6,0,
224,Aug,11,25,0,12,40,14,3,17.2,16,7,30.8,30,4.6,0,1.6,0,11.6,1.2,5,0,4,1.6,8.2,5.6,75.4,10,59,2.6,0.6,
225,Aug,12,41.4,0,15,5.6,25,3,7.4,16.6,30,21,5,0,0,22,2.6,1,0,9,0,2,0,21.8,2.8,28,0,33,0,0.6,
226,Aug,13,36.4,0,32,37,5,2,0,49.4,15,25,13.6,0,0,8.2,10,5,0,10,15,7,4,15.2,2,27,0,11,0,3,
227,Aug,14,56,29,40,5.6,1.8,1,17,63.6,50.4,46,20,0,0,25,0,0,0,7,4,4.2,3,10,10,24,0,5,0,3.2,
228,Aug,15,19.2,2,25,0,4,4,12.4,36.2,11.6,17.6,12,9,0,6,0,5.6,0,2,11,27.2,15.2,18.4,15,39.8,0,2,0,23,
229,Aug,16,24.6,8,20,0,2,45,41,36.8,25.8,18,17,8,0,7,0,0,8,0,13,86.2,4.6,6.6,22,36,4,5,12,7,
230,Aug,17,11.4,3,0,0,15.4,18,23,7.4,67,54,9.6,10,0,2,12,0,3.4,0,18.6,28,3,7,12,36,1.4,0.6,31,2.6,
231,Aug,18,40,8,0,0,18,33.4,18.4,7.2,13.2,25,1.4,10,1,5.6,2.8,1,0,12.6,16,6.4,4,25,0,0,1,0,6,2.4,
232,Aug,19,34,9,0,0,11,6,19,0,0,13.4,2,5,3,3,8.2,14,0,13,17.6,2,3,6,3,0,0,0,0,0,
233,Aug,20,3.6,14.4,0,0,25.8,3,0,17,0,30.4,3,2.4,6.4,0,5,5.8,0,16,0,1,19,1.2,0,0,4.6,0,16.2,7.6,
234,Aug,21,0,19,0,0,20.6,0,0,4.8,12,0,0,8,0,4.4,84,10,0,16.6,7.6,1.2,18.8,3,0,0,58,1,2,1,
235,Aug,22,24,3,0,0,4.4,3,0,25,12.2,13,5.4,0,39.4,23,27.4,24,0,55.4,21.4,17,17.6,2.4,0,0,6,0,21.6,0,
236,Aug,23,2.8,0,12,0,50,0,12.8,10.4,9.2,0,7,3.4,8,11,20.6,40,0,50,10,0,30.4,0,0,0,8,0,13.6,3,
237,Aug,24,0,0,8,0,7,0,23,8,4.8,4,2.2,5,5,13,2.6,36,0,33.4,14,0,10.4,0,0,0,4.2,0,2.2,6.8,
238,Aug,25,0.8,0,0,0,25,0,16.4,3.4,2,0,13,7,14,6,12,12,0,36,0.6,0,6.8,2,0,0,2.6,16.2,6,4.2,
239,Aug,26,3,0,0,0,25,0,0,0,3,0,8.8,9,30,9.4,16.4,1,0,76,0,0,4,2.8,39,0,8,18,1,9.4,
240,Aug,27,2,0,10,0,1,0,0,12,4,21.2,5,7,12,1,9,1.6,3.2,24,0,0,3.4,4,12.4,3.4,1.6,16,2,3.8,
241,Aug,28,4.6,0,8,0,0.6,18,5,3,0,15,22.4,9.6,38.6,1.2,24.4,1,0,9,0,0,1.4,0,32,1.2,26,12,3,3.6,
242,Aug,29,1.4,4,0,0,0.4,19,0,0,0,10,2.4,37,22.6,6,5,0,5.4,6.6,3.6,0,0,0,3.6,0,26,8,0,3.2,
243,Aug,30,4,6,0,0,0,13,4.2,2,0,10,0,25,53,5,0,0,1.4,2.6,0,0,1.8,0,12.2,8.4,16,7,0,32.4,
244,Aug,31,0,5,0,9.2,0,0,9.2,0,2,3.8,0,37,58,4,0,0.8,6.6,9,0,0,0,0,1.2,4,11,5.8,0,0,
245,Sep,1,0,8,0,0,0,48,0,0,0,0,5,37,34.4,8,0,0,0,0,4,0,12.4,0,13.8,4,7,0,2,0,
246,Sep,2,3,7,0,0,0,0,0,0,0,0,3,15,26,4,0,0,1,4.4,0,0,0,45.2,8.4,0,51.6,0,8,0,
247,Sep,3,0,4,0,0,4,0,0,0,0,0,3,12,40,6,0,0,0,2.4,0,0,0,0,13,0,0,0,16.4,2.6,
248,Sep,4,0,0,15,4,1.2,0,0,0,4,0,3.2,10.6,30,5,0,0,0,20,0,0,5,5.4,2,4,8,0,70.6,6,
249,Sep,5,0,0,0,5,0,2,0,0,4,0,2,8,6,0,10.6,15,0,0,0,0,8,0,8,3,25.6,0,11.6,1.2,
250,Sep,6,9,0,2,0,0,1.6,0,0,0,15,5,11,5,7,4.2,1.4,0,0,0,0,7,5,2.2,6,7.6,0,33.4,4,
251,Sep,7,13,0,2.6,10,0,0,0,0,0,15,3.2,0,8,0,0,1,0,0,0,14.6,8,6,16.2,11,5,0,3.8,19.6,
252,Sep,8,0,0,3,0,0,0,0,0,0,20,0,0,3,0,0,13,8,0,0,2.2,0,0,37,25,23.2,25,0,4.2,
253,Sep,9,7,0,0,0,0,12,0,0,0,18.4,0,0,5,3,10,12,0,0,0,21,0,0,4.6,26.4,19.4,36,0,7.8,
254,Sep,10,11.4,0,15,0,0,1.6,0,0,0,2,0,2,5.4,2,7,0.8,0,0,0,0,0,11,26,9,2,12,0,4,
255,Sep,11,12,0,10,0,0,16.2,8,0,22.6,0,0,0,0,4.2,2,7,0,0,2.6,1,0,0,47,16,0,4,0,0,
256,Sep,12,0,0,0,0,0,33,6,0,3,0,0,0,0,3,3.2,6,0,0,0,0,0,0,25,16.6,0,6,10.8,1.6,
257,Sep,13,5,0,0,0,0,8.4,0,0,0,0,0,0,0,10,16,0,3.2,13.2,0,2,0,0,12.4,10.4,0,5,22,5,
258,Sep,14,0,0,0,0,0,2,0,0,0,0,0,0,6,0,0,25,0,38,74,10,0,2,5.2,9.8,13,15,0,25.2,
259,Sep,15,39.6,17,0,41.6,26.6,0,0,0,6.6,0,0,0,8,7,0,4.4,0,43,4,4,0,4,3.6,34,0,5,0,0.4,
260,Sep,16,19,2,0,0,0,0,0,0,0,0,0,0,0,5,0,3,0,0,3,2,0,2,0,39.8,0,5,2.8,1.2,
261,Sep,17,29,0,0,0,15,12.4,0,0,0,0,27,0,0,4,0,0,0,0,0,0,0,0,0,8.4,18.4,0,13,0,
262,Sep,18,16.2,0,0,0,11,10,3,0,0,16.4,0,0,0,3,18,3,0,4.4,0,0,0,0,0,4.2,11,0,40,0,
263,Sep,19,2,7.6,0,5,29.4,11.5,38,0,0,25,0,0,0,7,4.6,2,0,6.4,0,0,0,0,0,2.4,3,6.6,9,0,
264,Sep,20,4.6,15,0,5,0,12,6,0,0,0,0,0,0,0,3.8,5,0,38.6,3,0,0,0,35,8,0,0,3,0,
265,Sep,21,0,20,0,0,2.2,12,6.2,12,0,0,0,0,0,0,3,0,0,0,1.8,0,0,0,11.6,7.4,13.2,0,4.4,1.6,
266,Sep,22,2.4,0,0,1,0,10,23,13,0,0,0,0,0,0,3.4,0,0,0,0,0,0,0,0,7.4,16.6,0,1,12,
267,Sep,23,3.4,15,22,0,61.2,11,4.2,21,0,0,0,0,0,15,0,0,36.4,0,1.6,0,0,10,0,0,16.4,0,0,3,
268,Sep,24,0,3.6,25,2,7.4,10,10,0,0,5,0,0,0,3,0,0,1,6.4,3,0,0,1.6,0,2.2,51,0,0,1.6,
269,Sep,25,18,36,15.6,4,0,12,1.2,0,0,6,0,20,0,9,0,0,0,26,2,0,0,0,0,8,16.4,0,2,8.4,
270,Sep,26,0,0,8.6,0,0,0,10.6,0,5,14,0,7,0,2,0,6,2.4,17.6,1,0,0,2.4,0,3,0.6,0,0,21.6,
271,Sep,27,0,7.4,25,7,0,0,6,0,20,6,0,21,0,4,5.4,0,13.6,16.6,0,0,0,0,2.4,0,6,0,0,1,
272,Sep,28,0,25,25,0,31.6,0,0,0,18.4,7.4,0,1,0,64,0,3.4,3,0,0,5,0,22,0,0,4,0,0,4,
273,Sep,29,5,2.6,0,1,0,0,2,0,36.6,10,19,17,0,1,0,0,0,4,1.8,0,0,0,0,0,2,0,0,0,
274,Sep,30,4.4,3,0,4,12,7,0,0,29.4,5,23,23,1.8,1.4,0,0,0,7.6,19,10,0,0,0,0,10,0,2,18.2,
275,Oct,1,0,10,0,1.4,3,0,0,0,0,3,0,0,25,47.2,0,0,16,0,4,4.4,2,0,0,10,22,0,50,8,
276,Oct,2,9.6,12,0,1.6,10,7,0,0,0,3,0,25,0,28.6,0,7,2,0,0,15,24.4,0,0,0,0,0,20,18.2,
277,Oct,3,29.6,50,10.6,0,0,7,0,0,5,12,0,7.4,39.4,1.6,0,4,10,0,0,18.6,20,0,0,0,0,0,19,2,
278,Oct,4,14.2,21,38,3,0,0,0,0,8,3.8,22.2,4,1.6,1.4,5,5.6,22,0,0,31.4,17,11.4,35.6,0,0,0,5,0,
279,Oct,5,0,0,10.4,0,4.2,10,7,0,0,1,0,0,3.2,0,0,0,27,1.2,0,0,8.6,22.6,0,0,0,0,3.4,0,
280,Oct,6,0,3.6,12.6,1,1,7,30,0,0,0,6.6,0.6,11.4,0,39,6,20,16.2,8,0,7,0,14,0,0,0,0,8.2,
281,Oct,7,0,0,0,0,41.4,14,9.4,0,4.2,0,40.4,6,7,0,0,0,15.2,12,0,7,25,0,2,0,0,39,0,5,
282,Oct,8,0,103,0,0,20.2,5,25,0,0,11,10,2,0,0,20,1,7,18,5,18,0,0,10,0,0,9,0,0,
283,Oct,9,0,25,3.6,3,14.6,0,0,0,0,0,6,0,0,32,0,23,13,1.6,0,15,0,0,1.4,0,0,8,0,4.8,
284,Oct,10,0,14,0,0,0,0,17.4,0,0,20,22,0,0,18.4,0,25,3.4,0,0,12,0,0,35.2,18.2,22.4,0,0,0,
285,Oct,11,0,0,0,0,0,0,0,7.6,0,5,0,59.6,6,2.4,0,20.6,17,0,0,14,0,0,2.4,2.2,0,2.4,0,0,
286,Oct,12,0,0,0,7,0,0,0,5.4,0,2,3,11,8,0,0,12,0.6,0,0,20,20.4,0,1.2,0,0,0,0,3.8,
287,Oct,13,0,0,0,30,41,0,0,14,0,0,10,25,0,59.4,11,20,12,48.6,0,43,0,56.8,43,0,0,0,4.8,0,
288,Oct,14,11.2,0,0,0,21,0,0,7.2,0,0,10,6.4,0,25,5,13,37.4,0,11,32,7.6,8.2,1,37.6,0,0,33,3,
289,Oct,15,0,0,0,0,0,0,0,0,0,0,6,2.4,0,15,20,20,13.6,0,0,5,0,2,0,0,0,5.2,18.8,0,
290,Oct,16,9,0,0,13,0,0,0,14.4,4.4,15,7,3,0,11,3,7.4,44,0,0,1.2,0,0,0,2.6,14,11.8,0,0,
291,Oct,17,8,0,0,8,0,0,5.6,12.2,5,0,0,2,0,8,0,4,0,0,10,0,0,5,0,0,38.2,2.2,0,0,
292,Oct,18,5,0,0,1,13.6,0,12.8,0,3,18,30.2,0,0,10,0,2,2.2,0,0,0,21,12,4,0,11,4.2,0,0,
293,Oct,19,4,0,0,0,0,0,0,14.6,0,0,30,0,0,2,0,0,62,0,0,5,8,28.6,0,10.6,9,54.2,0,0,
294,Oct,20,0,0,0,0,11,0,0,0,0,0,26.6,31,0,0,19.4,0,6.6,0,19.2,0,2,0,17.4,17.2,0.6,10.6,0,0,
295,Oct,21,0,0,37.2,0,3.6,0,4,0,0,0,9,0,9.4,0,20,0,10,0,0,0,10.8,0,40,14.4,33.2,8.8,0,1.8,
296,Oct,22,0,0,0,0,0,0,0,25,5,0,2,0,18.4,8,0,0,25,0,0,0,0,0,60,0,45,58,0,17.6,
297,Oct,23,0,0,0,0,0,0,0,8.6,66,0,13.2,20,0,0,0,0,0,10,0,0,0,0,15,0,3,18,0,4.8,
298,Oct,24,0,29,0,0,0,19,0,41,11,0,10,12,15.8,0,0,0,13,0,7,0,3.4,0,6,0,0,75,0,0,
299,Oct,25,2,0,0,0,0,50,5.2,15.2,6.4,0,0,20,0,0,67,0,38,0,56.6,0,0,4.2,0,0,0,50,0,0,
300,Oct,26,21.2,0,5,9.6,33,13,0,35,0,0,0,41,0,0,10,0,0,0,2,20.6,36,0,1,0,13.6,30,0,0,
301,Oct,27,0,0,20,13.2,10,0,30,23.4,10,0,0,41.2,0,0,3,67.4,5,0,44,25,0,0,0,0,18,13,0,12.6,
302,Oct,28,1.4,0,0,18,0,0,24,30,7,0,0,3,20,0,7,20,3,0,0,0,0,0,0,18,14,0,0,25,
303,Oct,29,45.4,0,0,4.8,30,0,0,29.2,8,0,0,4,0,0,2.2,0,11.4,0,0,9.6,0,0,0,20,9,0,0,0,
304,Oct,30,29,0,0,47.6,0,0,14,27.4,45.2,0,10.6,7,0,0,0,0,2.2,0,0,18.4,0,5.6,10,43,1.2,0,0,60,
305,Oct,31,2,0,0,5,8,0,0,51,17.4,0,0,8,15,3,18,0,0,0,0,2.2,0,0,2.2,6,4,0,0,21.6,
306,Nov,1,27.6,0,0,12.6,0,0,0,5,0,15,0,30.6,10,3,20,6.6,0,0,2,0,2,47.8,1,1,1.6,0,0,21,
307,Nov,2,12,0,0,0,0,0,0,15,0,11,0,10,5,0,10,23,0,0,0,0,2,26.4,20,6,8.2,0,0,0,
308,Nov,3,3.4,5,0,0,0,0,0,10,0,0,0,13,7,0,0,17,3,13,0,0,0,8,7.6,9,0,0,0,0,
309,Nov,4,0,0,9,0,0,0,15,0,0,0,0,4.4,10,0,0,15,6,0,0,0,0,0,18,17,0,0,0,10.2,
310,Nov,5,19.4,60.4,0,8,0,0,5,0,10,0,0,0,8,0,0,25,4.2,0,0,0,0,0,4,29.6,0,0,0,69.6,
311,Nov,6,0,0,25,45.8,16,10,15.4,0,3,0,0,0,6,0,0,17,9.2,0,14,6.2,0,11.6,3,6.8,13.6,0,0,0,
312,Nov,7,0,0,50.2,27.2,14,10,0,0,0,0,0,0,14,0,0,18,0,0,9.1,12,43.6,0,0,0,0,0,30.6,0,
313,Nov,8,0,0,12.8,3,31.6,0,0,0,0,14,12.6,0,0,0,7.6,15,0,0,0,0,16,0,0,0,0,0,13.6,0,
314,Nov,9,0,0,0,2,0,0,0,0,30,4.4,10,0,0,0,0,20,0,0,0,0,0,0,0,0,0,0,33.4,13,
315,Nov,10,0,0,0,0,0,0,0,0,0,0,0,0,0,0,33,15.2,0,0,0,0,0,9.6,0,0,0,0,25,61,
316,Nov,11,0,0,0,0,0,0,0,0,0,0,6,0,0,0,9,0,0,0,0,0,0,0,0,0,0,0,4,6,
317,Nov,12,0,0,0,0,0,0,0,0,0,0,7.4,0,0,18.4,10,0,0,0,0,0,0,0,27.4,0,0,0,4,0,
318,Nov,13,0,0,0,0,5.4,0,0,0,0,20,0,0,0,0,10,0,0,0,0,0,0,0,0,0,0,0,15,0,
319,Nov,14,0,0,0,0,8,0,0,0,2.6,30.4,2,0,16,0,0,0,0,0,7.4,0,0,0,0,0,0,0,10,0,
320,Nov,15,0,0,0,0,0,0,0,2,2,20,0,0,0,0,0,0,0,0,33.4,0,0,0,0,0,0,0,8,0,
321,Nov,16,0,0,0,0,0,0,0,0,2,13,0,0,0,0,0,0,0,0,9.6,0,0,0,0,0,0,0,3,1.2,
322,Nov,17,0,0,0,0,0,0,0,15,0,12,0,0,20,0,2,0,0,0,0,0,0,0,0,0,0,0,0,31,
323,Nov,18,0,0,0,0,5,0,0,0,0,13,0,0,0,0,0,4.4,0,0,0,0,0,0,0,17.4,0,0,0,31,
324,Nov,19,0,0,0,0,18,0,0,0,0,0,0,0,0,0,38,0,1,0,0,6,0,0,0,0,0,28.6,0,0,
325,Nov,20,1,0,0,0,0,0,0,0,0,0,0,0,0,0,0,0,0,0,0,0,0,0,0,5,0,0,20,0,
326,Nov,21,0,0,0,0,0,0,0,0,0,6,0,0,0,0,0,0,9,0,0,0,0,0,0,0,0,0,9,0,
327,Nov,22,0,0,0,0,0,0,0,0,0,4,0,0,0,0,0,0,0,0,0,0,0,0,0,2.8,0,0,0,0.6,
328,Nov,23,0,0,0,0,6.4,0,0,0,0,0,0,0,26,0,30,0,0,23.4,3,0,0,0,3.8,0,0,0,0,18,
329,Nov,24,0,0,0,0,12,0,0,0,0,0,0,0,0,0,11,4,0,0,0,0,0,0,0,0,0,0,0,0,
330,Nov,25,0,0,0,0,0,0,0,0,0,0,0,0,0,0,0,1,0,0,0,0,0,0,0,0,0,0,0,0,
331,Nov,26,0,0,0,0,0,0,0,9,0,0,0,0,0,0,8.6,0,0,0,0,0,0,0,0,0,0,0,0,0,
332,Nov,27,0,0,0,0,0,0,0,0,0,0,0,0,0,0,11.6,0,0,0,0,0,0,0,0,0,0,0,0,0,
333,Nov,28,0,0,0,0,0,0,0,0,0,0,0,0,0,0,2,0,0,0,0,0,4.6,0,0,0,0,0,0,5,
334,Nov,29,0,0,0,0,0,0,0,0,0,0,0,0,0,0,0,0,0,0,0,0,0,0,0,0,0,0,0,0,
335,Nov,30,0,0,0,0,0,0,0,0,0,0,0,0,0,0,0,0,0,116.4,0,0,0,0,0,0,0,0,0,0,
336,Dec,1,0,30.4,0,0,0,0,0,0,0,0,0,0,0,0,0,1,0,0,0,0,0,0,0,0,0,0,0,0,
337,Dec,2,0,0,0,0,0,0,0,0,0,0,0,0,0,0,0,0,0,0,0,0,0,0,0,0,0,0,0,0,
338,Dec,3,5,0,0,0,0,0,0,0,0,0,0,0,0,0,0,0,0,0,0,0,0,0,0,0,0,0,2,0,
339,Dec,4,0,0,0,0,0,0,0,0,0,0,11,0,0,0,0,0,0,0,0,0,0,0,6.6,0,0,0,7,0,
340,Dec,5,0,0,0,0,0,0,0,0,0,0,25,0,0,0,0,0,0,0,0,0,0,0,0,0,0,0,0,0,
341,Dec,6,0,0,0,0,0,0,0,0,0,0,47.2,0,0,0,1.8,0,0,0,0,0,0,0,0,0,0,0,0,0,
342,Dec,7,0,0,5,0,0,0,0,0,0,0,0,0,0,3,0,0,0,0,0,0,0,0,0,0,0,0,0,0,
343,Dec,8,0,0,21,0,0,0,0,0,0,0,0,0,0,8,3,0,0,0,0,0,0,0,0,0,0,0,0,0,
344,Dec,9,20.6,0,21,0,0,0,0,0,0,0,0,0,0,3.2,7.4,10,0,0,0,0,0,0,0,0,0,0,0,0,
345,Dec,10,0,0,0,0,0,0,0,0,0,0,0,0,0,8,0,20,0,0,0,0,0,0,0,0,0,0,0,0,
346,Dec,11,0,0,0,0,0,0,0,0,0,0,0,0,0,0,0,0,0,0,0,0,0,0,0,0,0,4,0,0,
347,Dec,12,0,0,0,3,20.8,0,0,0,0,0,0,0,0,0,0,1,0,0,0,0,0,0,0,0,0,4,0,0,
348,Dec,13,0,0,0,0,17,24,0,0,0,0,0,0,0,0,11.2,0,0,0,0,0,0,0,0,0,0,0,0,0,
349,Dec,14,0,0,7.6,0,37,68,0,0,0,0,0,0,0,9.2,3,7,0,0,0,0,0,0,0,0,0,0,0,0,
350,Dec,15,0,0,0,0,0,24,0,0,0,0,0,0,0,40,0,0,0,0,0,0,0,0,0,0,0,0,0,1,
351,Dec,16,0,0,0,0,0,0,0,0,0,0,0,0,0,0,0,0,0,0,0,0,0,0,0,0,0,25,0,11,
352,Dec,17,0,0,0,0,0,0,0,0,0,0,0,0,0,0,0,0,0,0,0,0,0,0,0,0,0,0,0,2.2,
353,Dec,18,0,0,0,0,0,0,0,0,0,0,0,0,0,26,4,0,0,0,0,0,0,0,0,0,0,0,0,0,
354,Dec,19,0,0,0,8,0,0,0,0,0,0,0,0,0,0,7.4,0,0,0,0,0,0,0,0,0,10,0,0,0,
355,Dec,20,0,0,0,6,0,0,0,0,0,0,0,0,0,0,5,0,0,0,0,0,0,0,0,0,0,0,0,0,
356,Dec,21,0,0,0,0,0,0,0,0,0,0,0,0,0,0,2,0,0,0,0,0,0,0,0,0,0,0,0,0,
357,Dec,22,18.6,0,0,0,0,0,0,0,0,0,0,0,0,0,3,0,0,0,0,0,0,0,0,0,0,0,0,0,
358,Dec,23,10,0,0,0,0,0,0,0,0,0,0,0,0,0,0,0,0,0,0,0,0,0,0,0,0,0,0,0,
359,Dec,24,0,0,3.6,0,0,0,0,0,0,0,0,0,0,0,0,0,0,0,0,0,0,0,0,0,0,0,0,0,
360,Dec,25,16,0,0,0,0,0,0,0,0,0,0,0,0,0,27,0,0,0,0,0,0,0,0,0,0,0,0,0,
361,Dec,26,0,0,0,0,0,0,0,0,0,0,0,0,0,0,0,0,0,0,0,0,0,0,0,0,0,0,0,6,
362,Dec,27,0,0,0,0,0,0,0,0,0,0,0,0,0,0,0,0,0,0,0,0,0,0,0,0,0,0,110,0,
363,Dec,28,22.8,0,0,0,0,0,0,0,0,0,0,0,0,0,0,0,0,0,0,0,0,0,0,0,0,0,14,0,
364,Dec,29,0,0,0,0,0,0,1.2,0,0,0,64,0,0,0,0,0,0,0,0,0,0,0,0,0,0,0,0,0,
365,Dec,30,9.4,0,0,0,0,0,0,0,0,0,0,0,0,0,0,0,0,0,0,0,0,0,0,0,0,0,0,0,
366,Dec,31,0,49.2,0,0,0,0,0,0,0,0,0,0,0,0,0,0,0,0,0,0,0,0,0,0,0,0,7,0,
